{
  "total_input_reads": 5433,
  "primary_mapped": 4995,
  "secondary_count": 0,
  "supplementary_count": 0,
  "unmapped": 0,
  "mapping_rate": 0.9193815571507454,
  "drop_rate": 0.08061844284925457
}