{
  "true_positive": 1431,
  "false_positive": 1016,
  "false_negative": 2548,
  "recall": 0.35963810002513197,
  "precision": 0.5847977114834492,
  "f1": 0.44537815126050423,
  "tolerance_bp": 10
}